{"read_me": "List of [left_score_bin_border, right_score_bin_border, coefficient (score * coefficient)] for each bin", "coefficients": {"AccCurr": [[0, 0.009900117062684566, 0.008608379286943788], [0.009901370270218202, 0.01010010219359292, 0.024593025495899742], [0.010101160534104703, 0.014146104589225494, 0.15500134133453058], [0.014146271217307826, 0.0227821398271717, 0.5666889438079937], [0.02278248906318081, 0.035258822083405916, 0.76747855883887], [0.03525934262220376, 0.052714620207661045, 0.8025023745480069], [0.05271479119419975, 0.07923534702550317, 0.8810389152719138], [0.0792366651524451, 0.12155072560824787, 0.8994598187830273], [0.12155131900334448, 0.1924720786075791, 0.9806844912123986], [0.1924730062497365, 1, 1.1016046528772552]], "Dep": [[0.0, 0.1, 0.6653433557579077], [0.1, 0.2, 0.6653433557579077], [0.2, 0.3, 0.6653433557579077], [0.3, 0.4, 0.6653433557579077], [0.4, 0.5, 0.6653433557579077], [0.5, 0.6, 0.6653433557579077], [0.6, 0.7, 0.6653433557579077], [0.7, 0.8, 0.6653433557579077], [0.8, 0.9, 0.6653433557579077], [0.9, 1.0, 0.6653433557579077]], "Oms": [[0.0, 0.1, 0.13598721446572723], [0.1, 0.2, 0.13598721446572723], [0.2, 0.3, 0.13598721446572723], [0.3, 0.4, 0.13598721446572723], [0.4, 0.5, 0.13598721446572723], [0.5, 0.6, 0.13598721446572723], [0.6, 0.7, 0.13598721446572723], [0.7, 0.8, 0.13598721446572723], [0.8, 0.9, 0.13598721446572723], [0.9, 1.0, 0.13598721446572723]], "PersCredit": [[0, 0.009822500747199703, 1], [0.009822518574187589, 0.009824308874853527, 0.0015933278168374432], [0.009824331688391252, 0.009831313065728375, 1], [0.009831342596052006, 0.009881573330677296, 0.004220501055641659], [0.00988160709816932, 0.010717245706886147, 0.08489857921345502], [0.010717381333128273, 0.01211625153479734, 0.17275587158291678], [0.012116275231217055, 0.01736342668984281, 0.4074414873959213], [0.01736342960184256, 0.030107444687688112, 0.6308222955311803], [0.030107453146223095, 0.06085545478681709, 0.8808106341128138], [0.060856200405308924, 1, 1.0974691328271184]], "Mortgage": [[0.0, 0.1, 0.37891804122212774], [0.1, 0.2, 0.37891804122212774], [0.2, 0.3, 0.37891804122212774], [0.3, 0.4, 0.37891804122212774], [0.4, 0.5, 0.37891804122212774], [0.5, 0.6, 0.37891804122212774], [0.6, 0.7, 0.37891804122212774], [0.7, 0.8, 0.37891804122212774], [0.8, 0.9, 0.37891804122212774], [0.9, 1.0, 0.37891804122212774]], "CreditCard": [[0, 0.009817789419606648, 0.000838513766442948], [0.009817801030324036, 0.009823205023731685, 1], [0.009823213994008428, 0.009825501330994357, 0.003896242677455672], [0.009825501799888836, 0.009862159235088375, 0.001384152573124529], [0.009862163211901698, 0.01004245033754092, 0.01903796412396961], [0.010042462897631887, 0.011271430932199733, 0.12100797841362511], [0.011271467912652766, 0.017596522830226946, 0.32184731106342235], [0.017596580140969875, 0.03207872993621452, 0.6252115901977114], [0.032078751476604994, 0.054478835313323426, 0.9223589476617723], [0.05447918899859516, 1, 1.0703773743707965]], "DebitCard": [[0.0, 0.1, 0.8425463277923406], [0.1, 0.2, 0.8425463277923406], [0.2, 0.3, 0.8425463277923406], [0.3, 0.4, 0.8425463277923406], [0.4, 0.5, 0.8425463277923406], [0.5, 0.6, 0.8425463277923406], [0.6, 0.7, 0.8425463277923406], [0.7, 0.8, 0.8425463277923406], [0.8, 0.9, 0.8425463277923406], [0.9, 1.0, 0.8425463277923406]]}}