{"all_features": {"mae": 1051.5346794968184, "rmse": 4477.732863272601, "sum": 0.9989782276864005}, "only_important_features": {"mae": 1091.69624413898, "rmse": 5336.445399557765, "sum": 1.0084319011656986}}