{"all_features": {"mae": 1731.7487115931572, "rmse": 7203.341089832202, "sum": 0.3092474425278364}, "only_important_features": {"mae": 1398.1716508586226, "rmse": 5738.9308689117415, "sum": 0.8864320900669495}}