{"all_features": {"mae": 3087.6629332820785, "rmse": 29427.744676566374, "sum": 0.9499556118345}, "only_important_features": {"mae": 2359.343255691601, "rmse": 14344.27248790371, "sum": 1.007216561675659}}