{"all_features": {"mae": 4686.851502532448, "rmse": 19536.435297301574, "sum": 0.8589115789163221}, "only_important_features": {"mae": 2787.7581630901527, "rmse": 8362.810010030169, "sum": 1.0100156553273394}}