{"all_features": {"mae": 15329.031134251547, "rmse": 25104.92017390197, "sum": 0.9896242242417018}, "only_important_features": {"mae": 14026.612497535787, "rmse": 43235.54612928851, "sum": 0.9546472302112129}}