{"all_features": {"mae": 18472.89489141435, "rmse": 74616.73049944708, "sum": 0.8203271838456845}, "only_important_features": {"mae": 13302.851764974059, "rmse": 44039.692862603544, "sum": 1.005091402962607}}