{"all_features": {"mae": 1851.030947359134, "rmse": 7171.166323435554, "sum": 1.415713870882525}, "only_important_features": {"mae": 1526.6824994072315, "rmse": 4190.934004992797, "sum": 1.039292041647717}}