{"all_features": {"mae": 10831.289191248014, "rmse": 46926.45692144461, "sum": 0.9943289533478045}, "only_important_features": {"mae": 5664.271965697851, "rmse": 8915.80454443729, "sum": 1.047583670247281}}