{"all_features": {"mae": 2924.2011004216715, "rmse": 43280.816914757226, "sum": 0.9120391566778089}, "only_important_features": {"mae": 2050.4878245226364, "rmse": 5941.979271820769, "sum": 1.0037191946806603}}