{"all_features": {"mae": 716.4303161118996, "rmse": 3246.9893689953024, "sum": 2.055022941866636}, "only_important_features": {"mae": 436.8260267812272, "rmse": 1172.7261410163694, "sum": 1.048746514017124}}