{
  "products": {
    "AccCurr": {
      "rich_regression_valid_all_features": {
        "mae": 575.0083033416078,
        "rmse": 8124.707916346012,
        "sum": 1.0533449895349865
      },
      "rich_regression_valid_only_important_features": {
        "mae": 401.21044890456074,
        "rmse": 2029.0481438918077,
        "sum": 0.9994946228885757
      },
      "rich_regression_test_model": {
        "mae": 876.663841396119,
        "rmse": 9326.18106536191,
        "sum": 1.4477022564308646
      },
      "rich_regression_test_naive": {
        "mae": 759.0262934041625,
        "rmse": 5017.882188756209,
        "sum": 0.07942929610902673
      },
      "poor_regression_valid_all_features": {
        "mae": 1591.50609015877,
        "rmse": 5249.93869379585,
        "sum": 1.1344908011287997
      },
      "poor_regression_valid_only_important_features": {
        "mae": 1457.0271902427162,
        "rmse": 6901.0216140848515,
        "sum": 0.9891816397439096
      },
      "poor_regression_test": {
        "mae": 1798.215624938021,
        "rmse": 6469.393287961036,
        "sum": 0.9230555558485043
      },
      "poor_classification_valid_all_features": {
        "ROC_AUC": 0.8521951960571605,
        "Precision_AUC": 0.39106140829353453,
        "sum": 1.0038505915210965
      },
      "poor_classification_valid_only_important_features": {
        "ROC_AUC": 0.8841915544048344,
        "Precision_AUC": 0.510258395223566,
        "sum": 1.044337489407622
      },
      "poor_classification_test": {
        "ROC_AUC": 0.8569907384669404,
        "Precision_AUC": 0.8569907384669404,
        "sum": 1.1120678056751014
      },
      "poor_test_model": {
        "mae": 154.68238008695803,
        "rmse": 1673.0664483770001,
        "sum": 0.9014111967740867
      },
      "poor_test_naive": {
        "mae": 89.77270430619956,
        "rmse": 1679.5566600629165,
        "sum": 0.0
      },
      "product_total_test_model": {
        "mae": 592.3436141639552,
        "rmse": 7336.73641705942,
        "sum": 1.40345567272246
      },
      "product_total_test_naive": {
        "mae": 495.47058910223,
        "rmse": 4046.523028968784,
        "sum": 0.0729959581711959
      }
    },
    "Dep": {
      "rich_regression_valid_all_features": {
        "mae": 2924.2011004216715,
        "rmse": 43280.816914757226,
        "sum": 0.9120391566778089
      },
      "rich_regression_valid_only_important_features": {
        "mae": 2050.4878245226364,
        "rmse": 5941.979271820769,
        "sum": 1.0037191946806603
      },
      "rich_regression_test_model": {
        "mae": 3927.2448418550593,
        "rmse": 86281.5837326242,
        "sum": 0.6553529793946368
      },
      "rich_regression_test_naive": {
        "mae": 5645.031851000241,
        "rmse": 86790.47195533437,
        "sum": 0.06215245017806002
      },
      "poor_regression_valid_all_features": {
        "mae": 1851.030947359134,
        "rmse": 7171.166323435554,
        "sum": 1.415713870882525
      },
      "poor_regression_valid_only_important_features": {
        "mae": 1526.6824994072315,
        "rmse": 4190.934004992797,
        "sum": 1.039292041647717
      },
      "poor_regression_test": {
        "mae": 1932.2610309243307,
        "rmse": 6804.5408445940875,
        "sum": -0.25557718322060075
      },
      "poor_classification_valid_all_features": {
        "ROC_AUC": 0.8651820204797416,
        "Precision_AUC": 0.09548124861626388,
        "sum": 1.4811477863522382
      },
      "poor_classification_valid_only_important_features": {
        "ROC_AUC": 0.8907812144273577,
        "Precision_AUC": 0.23178772408069165,
        "sum": 1.5029833714367704
      },
      "poor_classification_test": {
        "ROC_AUC": 0.8735195675940881,
        "Precision_AUC": 0.8735195675940881,
        "sum": 1.7144291253050639
      },
      "poor_test_model": {
        "mae": 33.402951058347625,
        "rmse": 672.3504199876315,
        "sum": 0.8489082914694213
      },
      "poor_test_naive": {
        "mae": 20.90753825527007,
        "rmse": 671.8125894894079,
        "sum": 0.0
      },
      "product_total_test_model": {
        "mae": 279.33029096399605,
        "rmse": 21693.41177919683,
        "sum": 0.6627975037448045
      },
      "product_total_test_naive": {
        "mae": 376.1160881455911,
        "rmse": 21821.229058036595,
        "sum": 0.05976194265948979
      }
    },
    "Oms": {
      "rich_regression_valid_all_features": {
        "mae": 377.44744908313123,
        "rmse": 1368.2025416569445,
        "sum": 0.9784628605222647
      },
      "rich_regression_valid_only_important_features": {
        "mae": 238.8466518195893,
        "rmse": 721.2955612399733,
        "sum": 1.0090158711160206
      },
      "rich_regression_test_model": {
        "mae": 1154.9618888651676,
        "rmse": 7831.320749521605,
        "sum": 1.0193202543048903
      },
      "rich_regression_test_naive": {
        "mae": 1354.1786978349407,
        "rmse": 7462.930168464711,
        "sum": 0.014785012776742726
      },
      "poor_regression_valid_all_features": {
        "mae": 275.48197862109777,
        "rmse": 656.4167423881389,
        "sum": -2.639451772037914
      },
      "poor_regression_valid_only_important_features": {
        "mae": 170.93642270951096,
        "rmse": 367.77248920467594,
        "sum": -0.6167161140442317
      },
      "poor_regression_test": {
        "mae": 333.45362739596686,
        "rmse": 722.9845936618061,
        "sum": -2866.5491457288495
      },
      "poor_classification_valid_all_features": {
        "ROC_AUC": 0.8568927919750327,
        "Precision_AUC": 0.011468664396010497,
        "sum": 6.541090535282879
      },
      "poor_classification_valid_only_important_features": {
        "ROC_AUC": 0.9256747041488287,
        "Precision_AUC": 0.3846144554892119,
        "sum": 7.353632500884876
      },
      "poor_classification_test": {
        "ROC_AUC": 0.8875850409022575,
        "Precision_AUC": 0.8875850409022575,
        "sum": 8.446037060533156
      },
      "poor_test_model": {
        "mae": 0.4597723445784546,
        "rmse": 18.997633462160824,
        "sum": -1118.114679652097
      },
      "poor_test_naive": {
        "mae": 0.26927724787539775,
        "rmse": 18.93289460048958,
        "sum": -0.0
      },
      "product_total_test_model": {
        "mae": 3.6730515966446537,
        "rmse": 413.5892515894958,
        "sum": 1.0514746428883999
      },
      "product_total_test_naive": {
        "mae": 4.037558819728031,
        "rmse": 394.17257251120697,
        "sum": 0.014785437572206071
      }
    },
    "PersCredit": {
      "rich_regression_valid_all_features": {
        "mae": 18472.89489141435,
        "rmse": 74616.73049944708,
        "sum": 0.8203271838456845
      },
      "rich_regression_valid_only_important_features": {
        "mae": 13302.851764974059,
        "rmse": 44039.692862603544,
        "sum": 1.005091402962607
      },
      "rich_regression_test_model": {
        "mae": 21530.06866451103,
        "rmse": 97300.96089856236,
        "sum": 0.9670630597084824
      },
      "rich_regression_test_naive": {
        "mae": 24930.75182439407,
        "rmse": 77851.55468328377,
        "sum": 0.06573051134195364
      },
      "poor_regression_valid_all_features": {
        "mae": 10831.289191248014,
        "rmse": 46926.45692144461,
        "sum": 0.9943289533478045
      },
      "poor_regression_valid_only_important_features": {
        "mae": 5664.271965697851,
        "rmse": 8915.80454443729,
        "sum": 1.047583670247281
      },
      "poor_regression_test": {
        "mae": 8521.134412959194,
        "rmse": 24152.033329142792,