{"all_features": {"mae": 19264.677264306443, "rmse": 90485.28278627757, "sum": 1.1721708146239838}, "only_important_features": {"mae": 14142.496680989976, "rmse": 68394.91580399415, "sum": 1.0135130365023532}}