{"all_features": {"mae": 275.48197862109777, "rmse": 656.4167423881389, "sum": -2.639451772037914}, "only_important_features": {"mae": 170.93642270951096, "rmse": 367.77248920467594, "sum": -0.6167161140442317}}