{"all_features": {"mae": 575.0083033416078, "rmse": 8124.707916346012, "sum": 1.0533449895349865}, "only_important_features": {"mae": 401.21044890456074, "rmse": 2029.0481438918077, "sum": 0.9994946228885757}}