{"all_features": {"mae": 1591.50609015877, "rmse": 5249.93869379585, "sum": 1.1344908011287997}, "only_important_features": {"mae": 1457.0271902427162, "rmse": 6901.0216140848515, "sum": 0.9891816397439096}}