{"all_features": {"mae": 377.44744908313123, "rmse": 1368.2025416569445, "sum": 0.9784628605222647}, "only_important_features": {"mae": 238.8466518195893, "rmse": 721.2955612399733, "sum": 1.0090158711160206}}